filename, ringworm
ringworm-17-_jpg.rf.0981b1433c27f60d9c6f738275ad4d9e.jpg, 1
ringworm-10-_jpg.rf.0e55114545ae7af1fb213c4263934261.jpg, 1
ringworm-1-_jpeg.rf.101cfcb86a87cb04578f0482ade626db.jpg, 1
ringworm-7-_jpg.rf.00c12ead8e4de6e3a85fef3492d4be48.jpg, 1
ringworm-8-_jpg.rf.1139bda5ddc310abccf37152f6b8ff79.jpg, 1
ringworm-20-_jpg.rf.211d4d7ce0461438a67207eaaf01620b.jpg, 1
ringworm-12-_jpg.rf.068e641c2d5a44c8141087fe84948d7d.jpg, 1
ringworm-4-_jpg.rf.26eb1fb74ec0c2945545f61f79fe9ec3.jpg, 1
ringworm-1-_jpeg.rf.1b5f520210b988084439eb76de6473f5.jpg, 1
ringworm-6-_jpg.rf.2def99c8b0184be7e72726cfefc9efa3.jpg, 1
ringworm-3-_jpg.rf.23ac09e998a59e6a806d453f88088b02.jpg, 1
ringworm-10-_jpg.rf.349cae6fea87cf47aaa3c66d5a5ba9c7.jpg, 1
ringworm-5-_png.rf.3803bad3c634ad6ed7b6398f559dcbf2.jpg, 1
ringworm-19-_jpg.rf.233c9a6c560345b7987b83247e74cac5.jpg, 1
ringworm-3-_jpg.rf.34c08eec05fcdab9227c308ce54cf163.jpg, 1
ringworm-3-_jpeg.rf.3297480a69eafd205597314ac97cd719.jpg, 1
ringworm-1-_jpg.rf.3b4ef92207eb8262b6d94799e1674095.jpg, 1
ringworm-1-_jpg.rf.38618b9b6e743e1f784bee5581c932b9.jpg, 1
ringworm-8-_png.rf.102634cb032be285376c397e10887b5c.jpg, 1
ringworm-16-_jpg.rf.3dae37db499ef6414ef4a7773cc9f3e3.jpg, 1
ringworm-8-_png.rf.398c3c286d79cef801119eed43fb53bc.jpg, 1
ringworm-10-_jpg.rf.453fe702361214e913a1e843eb4fee87.jpg, 1
ringworm-23-_jpg.rf.4d6f4fce9b6e8ffce24df91f1c823ec1.jpg, 1
ringworm-6-_jpg.rf.3bb916615e2263a9b6be500970fc9f7b.jpg, 1
ringworm-9-_png.rf.487de48967283e38dfd4590588b50acd.jpg, 1
ringworm-1-_png.rf.3effff07eda983a7251f1602b49397e3.jpg, 1
ringworm-7-_jpg.rf.60902095cc0d675940d246a87750c62a.jpg, 1
ringworm-24-_jpg.rf.46e0e10b3f3378ea46196d483299217b.jpg, 1
ringworm-15-_jpg.rf.48e55834e451fe56620b348dd85182b6.jpg, 1
ringworm-11-_jpg.rf.4e6f0174a8183d294208510f335394ec.jpg, 1
ringworm-24-_jpg.rf.4bf0a7315f820dda192a6980610da9d8.jpg, 1
ringworm-8-_png.rf.66806940347b11ee1b0df79bfb6a1bb2.jpg, 1
ringworm-9-_jpg.rf.625e0126b8bda32493c9ed99d2b11e3f.jpg, 1
ringworm-10-_jpg.rf.5c94fc962a11e810c9d80d2cbb05b9f0.jpg, 1
ringworm-18-_jpg.rf.6ae97ff9e8782d269a7e49aee24a92dd.jpg, 1
ringworm-2-_png.rf.6876ab79a7f3f382bce05671bb9303b4.jpg, 1
ringworm-2-_jpeg.rf.5bb28242fba05a276c414477439e8c49.jpg, 1
ringworm-14-_jpg.rf.4538cf89f2269e6cc225eab87f4afe15.jpg, 1
ringworm-5-_jpg.rf.5b7af9b4d8fcf4948bd1617d91b49dbe.jpg, 1
ringworm-6-_png.rf.699ca5795f3a36eb0f4e3128fdb236f7.jpg, 1
ringworm-4-_jpg.rf.59fe6974536b0ef4fe3e3632cad3b522.jpg, 1
ringworm-7-_jpg.rf.6bd62ff5082d2300b8e1134e83c9ff78.jpg, 1
ringworm-2-_png.rf.6855413f28f4f3113bec6af6cfdb5ffe.jpg, 1
ringworm-19-_jpg.rf.6a7405cb8bcda436c6ba459e8d2a0b42.jpg, 1
ringworm-2-_png.rf.6c3c757b8de5cb67604351c34c6cff3b.jpg, 1
ringworm-18-_jpg.rf.41f26b0af1087f9bc48fd71431a2fa74.jpg, 1
ringworm-24-_jpg.rf.7061afbe931c7dca56e9fb2b2cecdb07.jpg, 1
ringworm-7-_jpg.rf.734a3e55be135fcee3036965e8234a20.jpg, 1
ringworm-5-_jpg.rf.71632ecf0dac4ef6153dea55d4a996d1.jpg, 1
ringworm-3-_jpg.rf.73b85f7705dbf0eba7435924d633fb77.jpg, 1
ringworm-2-_jpg.rf.6e5158c60dc8056782f194b84374a1d2.jpg, 1
ringworm-2-_jpg.rf.751fb03abb89ed9899c06c2ab7c2f7b6.jpg, 1
ringworm-3-_jpeg.rf.258a2dd41031bebb9050d2b69762d358.jpg, 1
ringworm-3-_jpeg.rf.7a6d0be48961a5433085397b474dbd11.jpg, 1
ringworm-10-_png.rf.78e605a8208c5a9ef1a9294184a969fd.jpg, 1
ringworm-14-_jpg.rf.74c894b24970ef80abf1303c1d536b74.jpg, 1
ringworm-6-_png.rf.901081ec8f905181aa8f5067074169d9.jpg, 1
ringworm-8-_jpg.rf.84f23e1f1414cb2d0134307fd334a62c.jpg, 1
ringworm-9-_png.rf.887baa6d336269803f8a2b46a23a8390.jpg, 1
ringworm-19-_jpg.rf.919609e6b234fdbf037f277a18e19e0e.jpg, 1
ringworm-21-_jpg.rf.7febf3d3b9504a6ac7059d47ba84ebbd.jpg, 1
ringworm-9-_png.rf.7fa3cd257630e596dd866767dd8ed797.jpg, 1
ringworm-12-_jpg.rf.909ee11c8ca2995aa27a26c528db1805.jpg, 1
ringworm-11-_jpg.rf.8159855020fde6159b9a9e90117e9df3.jpg, 1
ringworm-9-_jpg.rf.9cebd89458a14ef32f78656d039f403f.jpg, 1
ringworm-12-_jpg.rf.9b03e403d3bc87218dcdd80dce730dec.jpg, 1
ringworm-10-_jpg.rf.7aa50895e593c538458d038cdb676737.jpg, 1
ringworm-2-_jpg.rf.833c701e272fe178f7eb7627485c0292.jpg, 1
ringworm-6-_png.rf.83d3790e975b6c2ae1cb228f4c496efe.jpg, 1
ringworm-13-_jpg.rf.8e3793cbfc5034e0b417458de4df4c35.jpg, 1
ringworm-6-_jpg.rf.980f4166a7e71e531c17ec6c1290957a.jpg, 1
ringworm-22-_jpg.rf.a11f82b946e63498d1162adc735b67bd.jpg, 1
ringworm-10-_png.rf.a55b2c5a61184a8ee7e4e562ece9439a.jpg, 1
ringworm-22-_jpg.rf.808f7002fe10d28644d51c8ba70ecfb0.jpg, 1
ringworm-3-_png.rf.a1a19662b965e3390cabdc211a8d2ab6.jpg, 1
ringworm-21-_jpg.rf.7ceb0837169d8654720621395ccec932.jpg, 1
ringworm-8-_jpg.rf.a63cc56886d225e3ffedcaf5dc4e92ab.jpg, 1
ringworm-10-_png.rf.a08d9774c2e3e8a166dc648c96f631f0.jpg, 1
ringworm-20-_jpg.rf.a88668ee537ee683add6f3490dda864d.jpg, 1
ringworm-7-_jpg.rf.b145494b57b3e1efcf6132168b34c44b.jpg, 1
ringworm-21-_jpg.rf.af1428a3ffaba71a4279417da1aac880.jpg, 1
ringworm-2-_jpg.rf.b0e5706a591820abdcc7f0a3206a3874.jpg, 1
ringworm-20-_jpg.rf.b364689c3fc3f72ca4764c2f7210c6c9.jpg, 1
ringworm-15-_jpg.rf.b04790e5a0c19e511af3df65a2b5529e.jpg, 1
ringworm-9-_jpg.rf.b3671167ed28a1238ccbacfc5204ce6e.jpg, 1
ringworm-8-_jpg.rf.af31525866dc060f219819144a5254ce.jpg, 1
ringworm-2-_jpg.rf.b374b494f5ac183c7baefceb7f753d48.jpg, 1
ringworm-6-_jpg.rf.8e007e0af45d90596a7519748c3a8dc8.jpg, 1
ringworm-8-_jpg.rf.b20e628b99818ceef60352e40f5b5a9b.jpg, 1
ringworm-23-_jpg.rf.afb818d1bb6ac3af0701f29387f7a001.jpg, 1
ringworm-1-_jpg.rf.adf305c289867fb3272a17bf04de46e9.jpg, 1
ringworm-4-_png.rf.b5d056d96986581a363f0cdbd94d815b.jpg, 1
ringworm-3-_jpg.rf.be88efee265a8a8cbbf6d9c137f13182.jpg, 1
ringworm-4-_png.rf.ab4c2c44eec3893da20823b14eb7e147.jpg, 1
ringworm-5-_jpg.rf.b94b7a2c31ac5ec51673f0684a993845.jpg, 1
ringworm-2-_jpeg.rf.b97b1c8fbb0fb0f5260ae5ef2a996072.jpg, 1
ringworm-13-_jpg.rf.ba6b3270ee65b8f2207762b6d4e83287.jpg, 1
ringworm-5-_jpg.rf.b9453552b3d5111827537a06aa47b0c8.jpg, 1
ringworm-3-_jpg.rf.b10207cbf7da529a9447a4f6eb70378f.jpg, 1
ringworm-4-_jpg.rf.90b7ae59690f14bee32b1ced1a0aeb6e.jpg, 1
ringworm-5-_jpg.rf.c09ab664abafab26e55aef80572ad0aa.jpg, 1
ringworm-3-_png.rf.c7875138e57f2ebfdfedecbcc602eb80.jpg, 1
ringworm-15-_jpg.rf.c85a492c60f429df991cbe2a0f80972a.jpg, 1
ringworm-13-_jpg.rf.c9ad431c13f8d2b8ba62c2812521e58c.jpg, 1
ringworm-22-_jpg.rf.ca029a26ba4486e6116b7ea38ceb08f0.jpg, 1
ringworm-2-_png.rf.c1c2589b8b0a79da96b7233e697a065a.jpg, 1
ringworm-5-_png.rf.cbadcdf187237c4322b7310fdfc9812c.jpg, 1
ringworm-7-_jpg.rf.cc4f4f6692fa7a1ca66f7ddb0c2ae5d3.jpg, 1
ringworm-16-_jpg.rf.d644ec2bfe6d61ba01259e898379f59c.jpg, 1
ringworm-2-_png.rf.b5fb0fd7856b63ae09cc315bafb3dc0b.jpg, 1
ringworm-1-_png.rf.cab0e681fe4ffb9d8cd23f0e34e7f6d0.jpg, 1
ringworm-17-_jpg.rf.d4fa55e9ff9760801fffaa508116b314.jpg, 1
ringworm-4-_png.rf.cea6aa59d97f65a6c9b22e54f7e12d47.jpg, 1
ringworm-3-_png.rf.d64ef2dfb61c88e5a39e0a3673250290.jpg, 1
ringworm-14-_jpg.rf.d6cd81da7b70389e724bed36424f235e.jpg, 1
ringworm-8-_jpg.rf.e5910567edf8e3629f095e742acfbd89.jpg, 1
ringworm-2-_jpeg.rf.e47ab72e1699abbb0cd02c1d0e590bba.jpg, 1
ringworm-5-_jpg.rf.d2fd7340419f605426a32341a4a69fb0.jpg, 1
ringworm-18-_jpg.rf.c356733e22c5cd5f97f76f3888e31601.jpg, 1
ringworm-17-_jpg.rf.ec9083366a8d9f98f444e14171afd90a.jpg, 1
ringworm-3-_jpg.rf.d91ae40abc2818128224e0a240863eeb.jpg, 1
ringworm-2-_jpg.rf.dc335d980f7fbe1a1be916b42021a9a7.jpg, 1
ringworm-6-_jpg.rf.e1f6ff85a96337eb9473ef46f2c625ca.jpg, 1
ringworm-23-_jpg.rf.e6dc43241b164bb46a0d442de222bf9f.jpg, 1
ringworm-9-_jpg.rf.d26fcf6c3e10b3b9c8cc1f255d2e65a3.jpg, 1
ringworm-1-_jpeg.rf.c0f89bac93e117ab750c0eec8cdef193.jpg, 1
ringworm-5-_png.rf.fa2c109171d99443da9eb65941d817fb.jpg, 1
ringworm-9-_jpg.rf.f7221f12fb71925473e10a2dfa2712b1.jpg, 1
ringworm-9-_jpg.rf.f33f4fdfe1eb212cdd6298fe35fafc86.jpg, 1
ringworm-2-_png.rf.fb2a66b8468c92f08e68ba7fc62595e7.jpg, 1
ringworm-1-_png.rf.fd1118a2555321bb77a1ef1c3fa94859.jpg, 1
ringworm-10-_jpg.rf.e69e893d4742c00c73b15577d7aff214.jpg, 1
ringworm-16-_jpg.rf.ead4c6d62fa8b3909f7c428c6127c753.jpg, 1
ringworm-11-_jpg.rf.fa9169aa61af554ade81e2c8470ab8cf.jpg, 1
ringworm-6-_jpg.rf.f7fbb176c146a51f355376816f3846e1.jpg, 1